name,telephoneNumber,mail,physicalAddress,postalAddress
Anula Pre School,(08) 899 77500,,"73 Yanyula Dr, Anula, NT",", , , "
Alyangula Area School,(08) 8987 6366,alyangula.admin@education.nt.gov.au,"Cnr Flinders St & Ayawarra Cr, Alyangula, NT","PMB 3, Alyangula, Groote Eylandt, 0885, NT"
Amoonguna School,(08) 8952 3402,cherie.gibbens@education.nt.gov.au,"N/A, Amoonguna, NT","PO Box  2529,, Alice Springs, 0871, NT"
Angurugu School,(08) 8987 6355,admin.angurcec@education.nt.gov.au,"N/A, Angurugu, NT","PO Box 40, Alyangula, Groote Eylandt, 0885, NT"
Alyarrmandumanja Umbakumba School,(08) 8987 6793,admin.umbakumba@education.nt.gov.au,"N/A, Umbakumba, NT","PO Box 698, Alyangula, 0885, NT"
Angurugu Pre School,(08) 89876255,,"N/A, Angurugu, NT",", , , "
Amanbidji School,(08) 9168 7380,Carolyn.tucker@education.nt.gov.au,"N/A, Amanbidgi (Kildirk), NT","PMB 16, via Katherine, 0851, NT"
Ampilatwatja School,(08) 8956 9265,admin.ampilat@education.nt.gov.au,"N/A, Ampilatwatja (Ammaroo), NT",", PMB 84, Alice Springs, 0872, NT"
Alyangula Pre School,(08) 8987 6366,,"Cnr Flinders St & Ayawarra Cr, Alyangula, NT",", , , "
Alpurrurulam School,(07) 4748 4887,amelia.hill1@education.nt.gov.au,"N/A, Alpurrurulam (Lake Nash), NT","PMB 46, Mt Isa, 4825, QLD"
Alice Springs Steiner School,(08) 8953 4578,accounts@alicesteiner.nt.edu.au,"Lot 9523 Ragonesi Rd, Alice Springs, 0870, NT","PO Box 2736, Alice Springs, 0871, NT"
Alcoota School,(08) 8956 9977,matthew.paterson@education.nt.gov.au,"N/A, Engawala (Alcoota Stn), NT","PMB 129,, via Alice Springs, 0872, NT"
Alekarenge School,(08) 8964 1957,admin.alekacec@education.nt.gov.au,"N/A, Ali Curung (Warrabri), NT","LMB 161, via Alice Springs, 0872, NT"
Yulara School,(08) 8956 2014,yulara.school@education.nt.gov.au,"21 Winmati St, Yulara, 0872, NT","PO Box 146, Yulara, 0872, NT"
Zuccoli Primary School,(08) 792 30222,ZuccoliPrimary@ntschools.net,"130 Zuccoli Parade, Zuccoli, 0830, NT","PO Box 2222, PALMERSTON, 0832, NT"
Alice Springs Language Centre,(08) 895 52366,admin.aslc@education.nt.gov.au,"Milner Road, Alice SPrings, 0870, NT","PO Box 9045, Alice Springs, 0871, NT"
Alawa Primary School,(08) 899 77666,alawa.school@education.nt.gov.au,"27 Pett Street, Alawa, 0810, NT","PO Box 40446, Casuarina, 0811, NT"
Alice Springs School Of The Air,(08) 8951 6800,assoa@assoa.nt.edu.au,"80 Head St, Alice Springs, 0870, NT","PO Box 1220, Alice Springs, 0871, NT"
Yuendumu Pre School,(08) 8956 4011,,"Conniston Road, Yuendumu, NT",", , , "
Yirrkala Pre School,(08) 898 71988,,"Rankine Road, Yirrkala, NT",", , , "
Yirara College,(08) 8950 5644,info@yirara.nt.edu.au,"470 South Stuart Highway, Alice Springs, NT","PMB 51, Alice Springs, 0871, NT"
Yuendumu School,(08) 8956 4011,finance.yuendumu@education.nt.gov.au,"Conniston Rd, Yuendumu, NT","C/ - Post Office, Yuendumu, 0870, NT"
Yirrkala School,(08) 898 71988,admin.yirrkala@ntschools.net,"Rankine Road, Yirrkala, NT","PO Box 896, Nhulunbuy, 0881, NT"
Yarralin School,(08) 8975 0809,zoe.richardson@education.nt.gov.au,"N/A, Yarralin, NT","PMB 34, via Katherine, 0851, NT"
Yipirinya School,(08) 8952 5633,yipirinya@yipirinya.com.au,"Lovegrove Dr, Alice Springs, NT","C/- Yipirinya School Council Inc, PO Box 2363, Alice Springs, 0871, NT"
Xavier CEC,(08) 8978 3970,admin.xcec@nt.catholic.edu.au,"Kerinauia Hwy, Nguiu, NT","PMB 139,, via Winnellie, 0822, NT"
Wulagi Primary School,(08) 898 37800,wulagi.primary@education.nt.gov.au,"24 Brolga St, Wulagi, 0812, NT","24 Brolga St, WULAGI, 0812, NT"
Wurankuwu Homeland Learning Centre,(08) 8978 3986,tba,"Community ID 868, Wurankuwu, NT","Nguiu, Bathurst Island, 0822, NT"
Woodroffe Pre School,(08) 8983 7611,,"55 Woodroffe Ave, Woodroffe, NT",", , , "
Woolianna School,(08) 8978 2984,woolianna.school@education.nt.gov.au,"Wooliana Rd, Daly River, NT","PMB 194, Winnellie, 0821, NT"
Woodroffe Primary School,(08) 898 37600,woodroffe.ps@education.nt.gov.au,"55 Woodroffe Ave, Woodroffe, 0830, NT","PO Box 2021, PALMERSTON, 0831, NT"
Wulagi Pre School,(08) 898 37818,,"24 Brolga St, Wulagi, NT",", , , "
Wugularr School,(08) 8975 4529,admin.wugulsch@education.nt.gov.au,"Laiwanga St, Wugularr, NT","PMB 6, Katherine, 0851, NT"
Woolaning School,(08) 8978 2334,admin.woolasch@education.nt.gov.au,"Litchfield Park Rd, Litchfield Park, NT","PO Box 3261, Palmerston, 0831, NT"
Watiyawanu School,(08) 8956 8555,l.kenny@education.nt.gov.au,"N/A, Mt Liebig, NT","PMB 111, via Alice Springs, 0872, NT"
Willowra School,(08) 8956 8408,willowra.school@education.nt.gov.au,"N/A, Willowra, NT","PMB 102, via Alice Springs, 0872, NT"
Wanguri Pre School,(08) 8927 1655,,"46 Gsell St, Wanguri, NT",", , , "
Watarrka School,(08) 8956 7758,tba,"n/a, Lilla Community, NT","Education Stores, Shed 9, 66A Smith St, Alice Springs, 0870, NT"
Warruwi School,(08) 8979 0222,samuel.robinson@education.nt.gov.au,"N/A, Warruwi (Goulburn Island), 0822, NT","PMB 90, via WINNELLIE, 0821, NT"
Wanguri Primary School,(08) 8927 1655,wanguri.prim@education.nt.gov.au,"46 Gsell St, Wanguri, 0810, NT","PO Box 40519, CASUARINA, 0811, NT"
Walungurru School,(08)  8964 6056,walungurru.school@education.nt.gov.au,"N/A, Walungurru (Kintore), NT","PMB 14, via Alice Springs, 0872, NT"
Wallace Rockhole School,(08) 8956 7330,wallace.rockhole@education.nt.gov.au,"N/A, Wallace Rockhole, NT","PO Box 2256, Alice Springs, 0871, NT"
Wagaman Primary School,(08) 8922 6011,wagaman.school@education.nt.gov.au,"35 Wagaman Tce, Wagaman, 0810, NT","PO Box 40019, CASUARINA, 0811, NT"
Wagaman Pre School,(08) 8922 6011,,"35 Wagaman Tce, Wagaman, NT",", , , "
Top End School of Flexible Learning,(08) 899 77199,malakrc.det@education.nt.gov.au,"1 Malak Place, Malak, 0812, NT","PO Box 703, Karama, 0812, NT"
Urapunga School,(08) 8975 4645,craig.watkins@education.nt.gov.au,"Blyth St, Rittarangu (Urapunga), NT","PMB 12, via Katherine, 0852, NT"
Tiwi College,08 89709024,tiwi.college@ntschools.net,"Pickertaramoor Melville Island, , NT","LMB 127, Winnellie, 0822, NT"
Tivendale School,(08) 899 95910,samuel.woods@education.nt.gov.au,"Tivendale Road, Berrimah, 0828, NT","PO Box 703, Karama, 0812, NT"
Tipperary Station School,(08) 8978 2765,carla.clough@education.nt.gov.au,"Daly River Road, Tipperary, NT","PMB 214, via Winnellie, 0822, NT"
Titjikala School,(08) 8956 0927,jenny.jenkinson@education.nt.gov.au,"N/A, Titjikala (Maryvale), NT","PMB 130, via Alice Springs, 0872, NT"
Ti Tree School,(08) 8956 9743,anthony.smith@education.nt.gov.au,"26 Palmer St, Ti-Tree, NT","Locked Bag 257,, Ti Tree, via Alice Springs, 0872, NT"
Timber Creek School,(08) 8975 0714,timbercreek.admin@education.nt.gov.au,"62 Wilson St, Timber Creek, NT","PMB 115, via Katherine, 0851, NT"
Tennant Creek Pre School,(08) 8962 2110,,"31 Paterson St, Tennant Creek, NT",", , , "
Tennant Creek Primary School,(08) 896 32424,admin.tennasch@education.nt.gov.au,"31 Paterson St, Tennant Creek, 0860, NT","PO Box 506, Tennant Creek, 0861, NT"
Stuart Park Pre School,(08) 899 77322,,"8 Nudl St, Stuart Park, NT",", , , "
Tennant Creek High School,(08) 8962 2102,admin.tchs@education.nt.gov.au,"38 Stuart St, Tennant Creek, NT","PO Box 546, Tennant Creek, 0861, NT"
Stuart Park Primary School,(08) 899 77333,stuartpark.school@education.nt.gov.au,"8 Nudl St, Stuart Park, 0820, NT","PO Box 37421, Winnellie, 0831, NT"
Taminmin College,(08) 898 37000,admin.taminmin@education.nt.gov.au,"70 Challoner Cct, Humpty Doo, NT","PO Box 21, HUMPTY DOO, 0836, NT"
St Mary's Catholic School,(08) 8981 9796,admin.stmarys@nt.catholic.edu.au,"3 Lindsay St, Darwin City, NT","PO Box 2413, Darwin, 0801, NT"
Stirling School,(08) 8956 9759,tba,"N/A, Wilora (Stirling Station) 0872, NT","c/- Ti Tree Post Office, Ti Tree, 0872, NT"
St Joseph's Flexible Learning Centre,0408 568 357,sjcflc@ereafsn.edu.au,"Youth Hub, 3 Wills Terrace, , Alice Springs, 0870, NT","P O Box 2991, Alice Springs, 0871, NT"
St Philip's College,(08) 8950 4511,info@stphilips.nt.edu.au,"2 Ulpaya Rd, Alice Springs, NT","PO Box 33, Alice Springs, 0871, NT"
St Pauls Catholic School,(08) 8985 1937,admin.stpauls@nt.catholic.edu.au,"41 Francis St, Rapid Creek, NT","PO Box 40344, Casuarina, 0811, NT"
St Joseph's Catholic College,(08) 89723555,admin.stjosephs@nt.catholic.edu.au,"Maluka Rd, Katherine East, NT","PO Box 535, Katherine, 0850, NT"
St Johns Catholic College,(08) 8982 2222,admin.stjohns@nt.catholic.edu.au,"54 Salonika St, The Gardens, NT","Mail Bag 13, Darwin, 0820, NT"
St Francis Xavier School,(08) 8978 2427,dr.adminbox@nt.catholic.edu.au,"n/a, Nauiyu, NT","PMB 28, Daly River, 0822, NT"
St Francis of Assisi Catholic Primary School,(08) 8988 1212,admin.sfas@nt.catholic.edu.au,"56 Challoner Cct, Humpty Doo, NT","PO Box 921, Humpty Doo, , NT"
Shepherdson Pre School,(08) 8987 9044,,"Wakirana St, Galiwinku, NT",", , , "
Shepherdson College,(08) 8987 9044,principal.shepherdson@education.nt.gov.au,"Wakirana St, Galiwinku, 0822, NT","PMB 74, via WINELLIE, 0822, NT"
SEDA College NT,1300 337 332,info@sedacollege.nt.edu.au,"5/90 Ross Smith Ave, Fannie Bay, 0820, NT","5/90 Ross Smith Ave, Fannie Bay, 0820, NT"
School of Sport Education NT,(08) 899 95700,admin.ssnt@education.nt.gov.au,"1 Nemarluk Drive, Ludmilla, NT, 0820, NT","PO Box 42896, Casuarina, 0811, NT"
Sattler Christian College,7922 1500,admin.scc@ntschools.net,"15 Sattler Cres, Freds Pass, NT","PO Box 1138,, Coolalinga, 0839, NT"
Sadadeen Primary School,(08) 895 52299,sadadeen.primary@education.nt.gov.au,"80 Spearwood Rd, Alice Springs, 0870, NT","PO Box 2707, ALICE SPRINGS, 0871, NT"
Sanderson Middle School,(08) 8927 8899,sanderson.middle@education.nt.gov.au,"60 Matthews Rd, Malak, 0812, NT","PO Box 189, SANDERSON, 0813, NT"
Sacred Heart Primary School,(08) 8924 8700,admin.shps@nt.catholic.edu.au,"34 Emery Ave, Woodroffe, NT","PO Box 271, Palmerston, 0831, NT"
Royal Darwin Hospital School,(08) 8922 8736,tania.nicholls@education.nt.gov.au,"Rocklands Drive, Tiwi, Tiwi, 0810, NT","C/o Nakara Primary School, Goodman St, NAKARA, 0810, NT"
Rockhampton Downs School,(08) 8964 4675,marilyn.sonnenburg@education.nt.gov.au,"Community ID 259, Wogyala, NT","PMB 34, Tennant Creek, 0862, NT"
Robinson River School,(08) 8975 9956,chris.errington@education.nt.gov.au,"N/A, Robinson River, NT","PMB 145, Katherine, 0851, NT"
Rona Glynn Pre School,(08) 895 21792,,"2 Mckay St, Alice Springs, NT",", , , "
Rosebery Primary School,(08) 792 30100,roseberyps.admin@education.nt.gov.au,"Belyuen Road Rosebery, Rosebery, 0832, NT","PO Box 650, PALMERSTON, 0832, NT"
Ross Park Primary School,(08) 895 52000,rosspark.school@ntschools.net,"7 Winnecke Ave, Alice Springs, 0870, NT","PO Box 364, ALICE SPRINGS, 0871, NT"
Ramingining Pre School,(08) 8979 7924,,"N/A, Ramingining, NT",", , , "
Pularumpi School,(08) 8978 3961,bert.beekhuizen@education.nt.gov.au,"Pularumpi, Pirlangimpi, NT","PMB 51, via Winnellie, 0822, NT"
Pine Creek School,(08) 8976 1228,janet.purje@education.nt.gov.au,"N/A, Pine Creek, 0847, NT","PO Box 196, Pine Creek, 0847, NT"
Peppimenarti School,(08) 8978 2455,eric.barrows@education.nt.gov.au,"N/A, Peppimenarti, NT","PMB 49, via Winnellie, 0822, NT"
Parap Primary School,(08) 898 22922,parapps.office@education.nt.gov.au,"52 Urquhart Street, Parap, 0820, NT","PO Box 69, PARAP, 0804, NT"
Ramingining School,(08) 8979 7924,cheryl.dwyer@education.nt.gov.au,"133Lewangu Drive, Ramingining, 0822, NT","PMB 125, via WINNELLIE, 0822, NT"
Pigeon Hole School,(08) 8975 0812,anne.pollock@education.nt.gov.au,"N/A, Pigeon Hole, NT","PMB 10, via Katherine, 0852, NT"
Parap Pre School,(08) 8981 5146,,"61 Ross Smith Ave, Parap, NT",", , , "
Papunya School,(08) 8956 8515,christine.munro@education.nt.gov.au,"N/A, Papunya, 0872, NT","PMB 77, via Alice Springs, 0872, NT"
Palmerston Christian School,(08) 7922 5600,admin.pcs@ntschools.net,"50 Waler Road, Marlow Lagoon, Marlow Lagoon, NT","PO Box 113, Palmerston, 0831, NT"
OLSH Thamarrurr Catholic College,(08) 8978 2477,admin.olshtcs@nt.catholic.edu.au,"n/a, Wadeye (Port Keats), NT","Wadeye, Port Keats, via Winnellie, 0822, NT"
Owen Springs Education Centre,(08) 8958 5088 / (08) 8958 5089,joel.hohn@education.nt.gov.au,"Stuart Highway, Alice Springs, 0870, NT","PO Box 4856, Alice Springs, 0871, NT"
Palmerston College,(08) 899 77999,Palmerston.college@education.nt.gov.au,"10 Tilston Ave, Driver, 0830, NT","PO Box 8, PALMERSTON, , NT"
OLSH Primary School,(08) 8950 6400,admin.olshalice@nt.catholic.edu.au,"5 Bath St, Alice Springs, NT","PO Box 2508, Alice Springs, 0871, NT"
OLSH College - Traeger Campus,(08) 8950 6400,admin.olshalice@nt.catholic.edu.au,"8 Traeger Ave, Alice Springs, NT","PO Box 2508, Alice Springs, 0871, NT"
OLSH College - Sadadeen Campus,(08) 8950 6400,admin.olshalice@nt.catholic.edu.au,"Sadadeen Rd, Alice Springs, NT","PO Box 2508, Alice Springs, 0871, NT"
O'Loughlin Catholic College,(08) 8945 1277,secretary.oloughlin@nt.catholic.edu.au,"70 Mueller Rd, Karama, NT","P O Box 41911, Casuarina, 0811, NT"
Nyangatjatjara College - Mutitjulu Campus,(08) 8956 2555,ceo@nyangatjatjaracollege.or.au,"n/a, Yulara, NT","PO Box 171, Yulara, 0872, NT"
Nyangatjatjara College - Imanpa Campus,(08) 8956 7038,ceo@nyangatjatjaracollege.org.au,"not available, not available, NT","PO Box 171, Yulara, 0872, NT"
Numbulwar Pre School,(08) 8975 4650,,"N/A, Numbulwar, NT",", , , "
Nyirripi School,(08) 8956 8880,ken.millar@education.nt.gov.au,"N/A, Nyirripi, NT","PMB 125, via Alice Springs, 0872, NT"
Nyangatjatjara College - Docker Rvr Campus,(08) 8956 7098,ceo@nyangatjatjaracollege.org.au,"N/A, Kaltukatjara (Docker River), NT","PO Box 171, Yulara, 0872, NT"
Numbulwar School,(08) 8975 4650,stephanie.valcanis@education.nt.gov.au,"N/A, Numbulwar, NT","PMB 68, WINELLIE, 0822, NT"
Ntaria School,(08) 8956 7424,emma.langton@education.nt.gov.au,"N/A, Hermannsburg (Ntaria), NT","PMB 4, via Alice Springs, 0872, NT"
NT School of Distance Education,(08) 892 22222,ntsde.admin@education.nt.gov.au,"The Bullocky Point Education Precinct, Atkins Dr, The Gardens, 0820, NT","PO Box 40471, Casuarina, 0811, NT"
NT Music School,(08) 896 35550,nt.musicschool@education.nt.gov.au,"60 Matthews Rd, Wulagi 0812, NT","PO Box 455, Sanderson, 0813, NT"
Nightcliff Pre School,(08) 8948 8488,,"17 Pandanus St, Nightcliff, NT",", , , "
Nhulunbuy Pre School,(08) 8987 1056,,"36 Chesterfield Cct, Nhulunbuy, NT",", , , "
Nightcliff Primary School,(08) 8948 8488,nightcliff.ps@education.nt.gov.au,"17 Pandanus St, Nightcliff, 0810, NT","PO BOX 798, NIGHTCLIFF, 0810, NT"
Nightcliff Middle School,(08) 898 37677,admin.nightms@education.nt.gov.au,"90 Aralia St, Rapid Creek, 0810, NT","90 Aralia St, NIGHTCLIFF, 0810, NT"
Nhulunbuy High School,(08) 898 70844,nhulunbuy.high@education.nt.gov.au,"51 Matthew Flinders Way, Nhulunbuy, 0880, NT","PO Box 1096, NHULUNBUY, 0881, NT"
Nhulunbuy Primary School,(08) 898 70022,nps.frontoffice@education.nt.gov.au,"60 Chesterfield Cct, Nhulunbuy, 0880, NT","PO Box 321, NHULUNBUY, 0881, NT"
Nganmarriyanga School,(08) 8978 2380,jen.robson@education.nt.gov.au,"N/A, Palumpa, NT","PMB 85, via WINNELLIE, 0822, NT"
Nganambala School,(08) 8978 2001,samuel.sailor@education.nt.gov.au,"n/a, Emu Point, NT","PMB 218, Via Winnellie, 0822, NT"
Ngukurr School,(08) 8975 4680,ngukurr.cec@education.nt.gov.au,"Bawuda St, Ngukurr, 0852, NT","PMB 138, KATHERINE, 0851, NT"
Ngukurr Pre School,(08) 8975 4680,,"Bawuda St, Ngukurr, NT",", , , "
Nhulunbuy Christian School,(08) 8965 2900,admin.ncc@ntschools.net,"N/A, Nhulunbuy, NT","PO Box 621, Nhulunbuy, 0881, NT"
Newcastle Waters School,(08) 8964 4566,sabina.armstrong@education.nt.gov.au,"11 Drovers Dr, Newcastle Waters, NT","Newcastle Waters Station, via Elliott, 0862, NT"
Neutral Junction School,(08) 8956 9754,ruth.rawnsley@education.nt.gov.au,"Stuart Hwy, Neutral Junction, NT","Neutral Junction, via Alice Springs, 0872, NT"
Nemarluk School,(08) 898 50400,admin.nemarluk@education.nt.gov.au,"30 Styles St, Alawa, 0810, NT","PO Box 39729, WINNELLIE, 0821, NT"
Nakara Pre School,(08) 8927 9823,,"35 Nakara Tce, Nakara, NT",", , , "
Murrupurtiyanuwu Catholic Primary School,(08) 8978 3986,admin.mcs@nt.catholic.edu.au,"Kerinauia Highway, Nguiu, NT","PO Box 45, Wurrumiyanga, Bathurst Island, via Winnellie, 0822, NT"
Mutitjulu School,(08) 8956 2547,mutitjulu.school@education.nt.gov.au,"Mutitjulu, Ayers Rock, NT","PO Box 121, Yulara, 0872, NT"
Nathalie Gorey Pre School,(08) 8952 1186,,"80 Spearwood Rd, Alice Springs, NT",", , , "
Mulga Bore School,(08) 8956 9824,sundayt.taite@education.nt.gov.au,"n/a, Mulga Bore Community, NT","PMB 18, via Alice Springs, 0872, NT"
Nawardekken Academy,tba,tba,"tba, tba, NT","tba, tba, tba, NT"
Murray Downs School,(08) 8964 1951,mitchell.valentine@education.nt.gov.au,"Outstation, Murray Downs(Imangara), NT","PMB 48, Alice Springs, 0872, NT"
Nakara Primary School,(08) 8927 9823,nakara.primary@education.nt.gov.au,"35 Nakara Tce, Nakara, 0810, NT","35 Nakara Tce, Nakara, 0810, NT"
Moulden Pre School,(08) 8930 5965,,"103 Bonson Tce, Moulden, NT",", , , "
Mount Allan School,(08) 8956 8860,dowreen.lata@education.nt.gov.au,"N/A, Yuelamu, NT","PMB  6, Mount Allan School via Alice Springs, 0872, NT"
Moil Pre School,(08) 898 37535,,"Moil Crescent, Moil, NT",", , , "
Moulden Primary School,(08) 8930 5900,moulden.primary@education.nt.gov.au,"103 Bonson Tce, Moulden, 0830, NT","PO Box 80, PALMERSTON, 0831, NT"
Mother Teresa Catholic Primary School,(08) 7969 5600,principal.motherteresa@nt.catholic.edu.au,"Ginger St, Zuccoli, NT","PO Box 1125, Palmerston, 0830, "
Minyerri Pre School,(08) 8975 9972,,"N/A, Minyerri (Hodgson Downs), NT",", , , "
Minyerri School,(08) 8975 9972,theo.debeer@education.nt.gov.au,"N/A, Minyerri (Hodgson Downs), NT","PMB 40, KATHERINE, 0851, NT"
Moil Primary School,(08) 898 37530,admin.moilsch@education.nt.gov.au,"37 Lanyon Tce, Moil, 0810, NT","37 Lanyon Tce, MOIL, 0810, NT"
Milkwood Steiner,08 8947 0608,admin@milkwood.nt.edu.au,"107 Boulter Road, Berrimah NT 0828, Marrara, NT","PO Box 319, Karama, 0812, NT"
Millner Pre School,(08) 792 30333,,"41 Sabine Rd, Millner, NT",", , , "
Milyakburra School,(08) 8987 6084,leah.carroll@education.nt.gov.au,"N/A, Milyakburra (Bickerton Island), NT","PMB 5, Bickerton Island, via Winnellie, 0822, NT"
Mimik-Ga Centre,(08) 898 37900,admin.mimik-ga@education.nt.gov.au,"4 Henbury Ave, Wanguri, 0810, NT","PO Box 40519, Casuarina, 0811, NT"
Milingimbi School,(08) 8987 9902,adam.dicks1@education.nt.gov.au,"N/A, Milingimbi, 0822, NT","PMB 54, Milingimbi, via WINNELLIE, 0822, NT"
Middle Point School,(08) 8988 1688,middle.pt@education.nt.gov.au,"615 Anzac Pde, Middle Point, NT","PO Box 96, Humpty Doo, 0836, NT"
Millner Primary School,(08) 792 30333,admin.millnerps@education.nt.gov.au,"41 Sabine Rd, Millner, 0810, NT","41 Sabine Rd, MILLNER, 0810, NT"
Milikapiti School,(08) 8978 3960,chris.armstrong1@education.nt.gov.au,"N/A, Milikapiti (Snake Bay), NT","PMB 96, via Winnellie, 0822, NT"
Mbunghara School,(08) 8956 8503,mbunghara.school@education.nt.gov.au,"N/A, Mbunghara, NT","PMB 242, via Alice Springs, 0872, NT"
Mataranka School,(08) 8975 4543,jennifer.jenkins@education.nt.gov.au,"Roper Terrace, Mataranka, 0852, NT","PO Box 4022, Mataranka, 0852, NT"
Marrara Christian School,(08) 8920 2000,admin.mcc@ntschools.net,"110 Amy Johnson Ave, Marrara, NT","PO Box 84, Karama, 0812, NT"
Manunda Terrace Pre School,(08) 899 77366,,"31 Manunda Tce, Karama, NT",", , , "
Manunda Terrace Primary School,(08) 899 77366,manunda.school@education.nt.gov.au,"31 Manunda Tce, Karama, 0812, NT","31 Manunda Tce, KARAMA, 0812, NT"
Manyallaluk School,(08) 8975 4438,admin.manyasch@education.nt.gov.au,"N/A, Manyallaluk (Eva Valley), NT","PO Box 271, Katherine, 0851, Nt"
Mapuru Yirralka College,(08) 8970 4996,debra.bateman@ntschools.net,"Dhabulu Rd, Mapuru, NT 0822, NT","PMB 301, Winnellie, 0821, NT"
Maningrida College,(08) 8979 5950,maningrida.cec@education.nt.gov.au,"n/a, Maningrida, 0822, NT","PMB 67, via Winnellie, 0822, NT"
Mamaruni School,(08) 8979 0255,tracy.brislane@education.nt.gov.au,"N/A, Minjilang (Croker Is), NT","PMB 47, via Winnellie, 0822, NT"
Malak Pre School,(08) 899 77600,,"45 Malak Cres, Malak, NT",", , , "
Malak Primary School,(08) 899 77600,admin.malak@education.nt.gov.au,"45 Malak Cres, Malak, 0812, NT","45 Malak Crescent, MALAK, 0812, NT"
Ludmilla Pre School,(08) 898 37889,,"41 Bagot Rd, Ludmilla, NT",", , , "
MacFarlane Pre School,(08) 8972 3069,,"Grevillea Rd, Katherine East, NT",", , , "
MacFarlane Primary School,(08) 896 51700,admin.macfasch@education.nt.gov.au,"42 Grevillea Rd, Katherine East, 0850, NT","42 Grevillea Road, KATHERINE EAST, 0850, NT"
Ludmilla Primary School,(08) 898 37888,admin.ludmilla@education.nt.gov.au,"41 Bagot Rd, Ludmilla, 0820, NT","PO Box 39945, WINNELLIE, 0821, NT"
Mackillop Catholic College,08 8930 5757,mackillopcollege@nt.catholic.edu.au,"285 Farrar Boulevard, Johnston, NT","P O Box 2608, Palmerston, 0831, NT"
Ltyentye Apurte CEC,(08) 8956 0937,la.admin@nt.catholic.edu.au,"N/A, Santa Teresa (Ltyenty Apurte), NT","Santa Teresa, PMB 221, via A/Springs, 0871, NT"
Living Waters Lutheran School,(08) 8950 0700,living.waters@ntschools.net,"Cnr Albrecht Dr & Kramer St, Alice Springs, NT","PO Box 8869, Alice Springs, 0871, NT"
Leanyer Pre School,(08) 8927 4022,,"114 Leanyer Dr, Leanyer, NT",", , , "
Larrakeyah Pre School,(08) 8981 9091,,"3 Packard St, Larrakeyah, NT",", , , "
Leanyer Primary School,(08) 8927 4022,admin.leanyer@education.nt.gov.au,"114 Leanyer Drive,, Leanyer, 0812, NT","114 Leanyer Drive, LEANYER, 0812, NT"
Laynhapuy Homelands School,(08) 898 71224,lhs.admin@ntschools.net,"Galpu Rd, Yirrkala, NT","PMB 747, Nhulunbuy, 0881, NT"
Larrakeyah Primary School,(08) 8981 3211,larrakeyah.admin@education.nt.gov.au,"3 Packard St, Larrakeyah, 0820, NT","PO Box 412, DARWIN, 0801, NT"
Larapinta Primary School,(08) 895 85155,larapinta.primary@education.nt.gov.au,"22 Albrecht Dr, Alice Springs, NT","PO Box 9021, ALICE SPRINGS, 0871, NT"
Larapinta Pre School,(08) 895 85145,,"22 Albrecht Dr, Alice Springs, NT",", , , "
Laramba School,(08) 8956 8771,laramba.school@education.nt.gov.au,"N/A, Laramba (Napperby), NT","PMB 213, via Alice Springs, 0872, NT"
Lajamanu School,(08) 8975 0946,admin.lajamcec@education.nt.gov.au,"N/A, Lajamanu ( Hooker Ck), NT","PMB 63, via Katherine, 0851, NT"
Lajamanu Pre School,(08) 89750 946,,"N/A, Lajamanu (Hooker Ck), NT",", , , "
Kintore Street Pre School,(08) 8973 3888,,"11 Kintore St, Katherine, NT",", , , "
Kiana School,(08) 8975 9820,tba,"N/A, Kiana, NT","PMB 33, via Tennanat Creek, 0861, NT"
Katherine South Pre School,(08) 8972 1277,,"Riverbank Drive, Katherine, NT",", , , "
Kintore Street School,(08) 8973 3888,kintore.admin@education.nt.gov.au,"11 Kintore St, Katherine, 0872, NT","PO Box 1931, KATHERINE, 0851, NT"
Katherine South Primary School,(08) 8972 1277,admin.kathesch@education.nt.gov.au,"Riverbank Dr, Katherine, 0850, NT","PO Box 721, KATHERINE, 0851, NT"
Katherine School Of The Air,(08) 896 51555,kath.soa@education.nt.gov.au,"101 Giles St, Katherine, 0850, NT","PO Box 531, KATHERINE, 0851, NT"
Katherine Flexible Learning Centre,(08) 897 38200,tba,"5 Kintore St, Katherine, 0850, NT","PO Box 189, Katherine, 0851, NT"
Karama Primary School,(08) 898 37700,karama.school@education.nt.gov.au,"37 Livistona Rd, Karama, 0812, NT","PO Box 103, Karama, 0813, NT"
Karama Pre School,(08) 898 37711,,"37 Livistona Rd, Karama, NT",", , , "
Kalkaringi School,(08) 896 51888,anne.saunders@education.nt.gov.au,"Whitlam st, Kalkaringi (Wave hill), NT","PMB 41, KATHERINE, 0852, NT"
Kalkaringi Pre School,(08) 8965 1888,,"Whitlam St, Kalkaringi (Wave hill), NT",", , , "
Katherine High School,(08) 897 38200,admin.kathehs@education.nt.gov.au,"Grevillea Rd, Katherine East, 0850, NT","PO Box 189, KATHERINE, 0851, NT"
Jingili Preschool,(08) 8985 3495,,"10 Jingili Tce, Jingili, NT",", , , "
Jingili Primary School,(08) 898 37555,jingili.school@education.nt.gov.au,"17 Rindberg St, Jingili, 0810, NT","PO Box 40600, CASUARINA, 0810, NT"
Jabiru Pre School,(08) 8938 3333,,"40 Waterhouse Rd, Jabiru, NT",", , , "
Jilkminggan School,(08) 8975 4896,admin.jilkmsch@education.nt.gov.au,"N/A, Jilkminggan (Duck Creek), NT","PO Box 4054, Mataranka, 0852, NT"
Jabiru Area School,(08) 8938 3333,jabiru.areaschool@education.nt.gov.au,"40 Waterhouse Rd, Jabiru, NT","PO Box  246, Jabiru, 0886, NT"
Ida Standley Pre School,(08) 8952 1040,,"15 Parke Cres, Alice Springs, NT",", , , "
Imanpa School,(08) 8956 7483,steve.nankivell@education.nt.gov.au,"N/A, Imanpa, NT","PMB 76, via Alice Springs, 0872, NT"
Humpty Doo Primary School,(08) 792 30400,admin.humptydoo@education.nt.gov.au,"50 Freds Pass Rd, Humpty Doo, 0836, NT","PO Box 46, HUMPTY DOO, 0836, NT"
Humpty Doo Pre School,(08) 792 30400,,"50 Freds Pass Rd, Humpty Doo, NT",", , , "
Howard Springs Primary School,(08) 898 30000,howard.springs@education.nt.gov.au,"295 Whitewood Rd, Howard Springs, 0835, NT","PO Box  171, HOWARD SPRINGS, 0835, NT"
Howard Springs Pre School,(08) 8983 0000,,"295 Whitewood Rd, Howard Springs, NT",", , , "
Holy Spirit Catholic School,(08) 8927 3411,paula.sellars@nt.catholic.edu.au,"Gsell Street, Casuarina, NT","PO Box 40030, Casuarina, 0810, NT"
Holy Family Catholic School,(08) 89276188,admin.holyfamily@nt.catholic.edu.au,"Calytrix Road, Karama, NT","PO Box 40870, Casuarina, 0812, NT"
Henbury School,(08) 899 77077,henbury.admin@education.nt.gov.au,"11 Henbury Avenue, Tiwi, 0810, NT","11 Henbury Avenue, Tiwi, 0810, NT"
Harts Range School,(08) 8956 9771,kylie.mckay@education.nt.gov.au,"N/A, Atitjere (Harts Range), NT","PMB 162, via Alice Springs, 0871, NT"
Haileybury Rendall School,(08) 8922 1611,hrs.admin@hrs.edu.au,"6057 Berrimah Road, Berrimah, NT","PO Box 241, Berrimah, 0828, NT"
Haasts Bluff School,(08) 8956 8550,geoff.gillman@education.nt.gov.au,"N/A, Haasts Bluff (Ikuntji), 0872, NT","Haasts Bluff, via Alice Springs, 0872, NT"
Gray Pre School,(08) 8932 1700,,"22 Victoria Dr, Gray, NT",", , , "
Gunbalanya Pre School,(08) 8979 0181,,"N/a, Gunbalanya, NT",", , , "
Gunbalanya School,(08) 8979 0181,admin.gunbacec@education.nt.gov.au,"N/A, Gunbalanya, NT","PMB 66, Gunbalanya, 0822, NT"
Gray Primary School,(08) 8932 1700,admin.graysch@education.nt.gov.au,"22 Victoria Drive, Gray, 0830, NT","Victoria Drive, GRAY, 0830, NT"
Good Shepherd Lutheran School,(08) 8983 0300,admin@goodshepherd.nt.edu.au,"Cnr Emery Ave and Temple Tce, Palmerston, NT","PO Box 1146, Howard Springs, 0831, NT"
Good Shepherd Lutheran College,08 89830300,admin@goodshepherd.nt.edu.au,"Cnr Whitewood Rd and Kundook Place, Howard Springs, NT","PO Box 1146, Howard Springs, 0831, NT"
Good Shepherd - Leanyer Campus,(08) 8983 0300,admin@goodshepherd.nt.edu.au,"94 Leanyer Drive, Leanyer, NT","PO Box 1146, Howard Springs, 0831, NT"
Girraween Primary School,(08) 8983 3300,admin.girrasch@education.nt.gov.au,"25 Carruth Rd, Girraween, 0835, NT","PO Box 1042, HOWARD SPRINGS, 0835, NT"
Gillen Pre School,(08) 8952 2355,,"12 Newland St, Alice Springs, NT",", , , "
Gillen Primary School,(08) 895 52155,gillen.school@education.nt.gov.au,"55 Milner Rd, Alice Springs, 0870, NT","PO Box 769, ALICE SPRINGS, 0871, NT"
Girraween Pre School,(08) 8983 3300,,"25 Carruth Rd, Girraween, NT",", , , "
Gapuwiyak Pre School,(08) 8987 9122,,"N/A, Gapuwiyak, NT",", , , "
Gawa Christian School,8970 5212,admin.gcs@ntschools.net,"Community ID 508, Gawa, NT","PMB 257, Elcho Island via Winnellie, 0822, NT"
Gapuwiyak School,(08) 8987 9122,kylie.hendry1@education.nt.gov.au,"N/a, Gapuwiyak, NT","PMB 900, Via Winnellie, 0822, NT"
Forrest Parade School,(08) 899 77111,admin.forrestps@education.nt.gov.au,"120 Flynn Circuit, Bellamack, 0832, NT","120 Flynn Circuit, Bellamack, 0832, NT"
Finke School,(08) 8956 0960,finke.school@education.nt.gov.au,"N/A, Finke, NT","PMB 30, via Alice Springs, 0871, NT"
Families as First Teachers,(08) 899 93550,faft.doe@education.nt.gov.au,"Mitchell St, Darwin, 0800, NT","GPO Box 4821, Darwin, 0801, NT"
Durack Pre School,(08) 899 77555,,"50 Woodlake Blvd, Durack, NT",", , , "
The Essington International School Darwin,(08) 8985 0100,administration@essington.nt.edu.au,"22 Chapman Rd, Rapid Creek, NT","PO Box 42321, Casuarina, 0811, NT"
Durack Primary School,(08) 899 77555,durack.school@education.nt.gov.au,"50 Woodlake Bvd, Durack, 0830, NT","PO Box  225, PALMERSTON, 0830, NT"
Elliott School,(08) 8969 2122,kevin.gaskin@education.nt.gov.au,"91 Bray St, Elliott, NT","C/- Elliott Post Office, Elliott, 0862, NT"
Epenarra School,(08) 8964 1512,jennifer.cadzow@education.nt.gov.au,"N/A, Wutunugurra (Epenarra), NT","PMB 270, via Alice Springs, 0861, NT"
Dundee Beach School,(08) 8978 2212,dundee.school@education.nt.gov.au,"500 Namarada Dr, Dundee Beach, NT","PO Box 145, Dundee Beach, 0840, NT"
Driver Pre School,(08) 893 59055,,"37 Driver Ave, Driver, NT",", , , "
Driver Primary School,(08) 893 59000,admin.drivesch@education.nt.gov.au,"37 Driver Ave, Driver, 0830, NT","PO Box  33, PALMERSTON, 0831, NT"
Dripstone Middle School,(08) 898 37777,dripstone.middle@education.nt.gov.au,"10 Delamere St, Tiwi, 0810, NT","PO Box  41370, CASUARINA, 0811, NT"
Douglas Daly School,(08) 8978 2836,rosemary.sullivan@education.nt.gov.au,"Jungawa Rd, Douglas-Daly, NT","PMB 46, via Winnellie, 0822, NT"
Darwin Languages Centre,(08) 899 77000,dlc.nt@education.nt.gov.au,"1 Nemarluk Dr, Ludmilla, NT, NT","P O Box 822, Nightcliff, 0814, NT"
Darwin High School,(08) 899 91222,darwin.high@education.nt.gov.au,"10 Atkins Dr, The Gardens, 0820, NT","Bullocky Point, DARWIN, 0820, NT"
Darwin Middle School,(08) 894 25200,admin.darwinmiddle@education.nt.gov.au,"Atkins Drive, The Gardens, NT 0820, not available, NT","PO Box 2257, PARAP, 0804, NT"
Clyde Fenton Primary School,(08) 897 33844,admin.clydesch@education.nt.gov.au,"101 Giles St, Katherine, 0850, NT","PO Box 421, KATHERINE, 0851, NT"
Clyde Fenton Pre School,(08) 897 33855,,"101 Giles St, Katherine, NT",", , , "
Centralian Middle School,(08) 895 52333,centralian.middle@education.nt.gov.au,"56 Milner Rd, Alice Springs, 0870, NT","PO Box 1771, ALICE SPRINGS, 0871, NT"
Casuarina Street Primary School,(08) 897 33800,casuarina.admin@education.nt.gov.au,"Casuarina St, Katherine East, 0850, NT","PO Box 1046, KATHERINE, 0851, NT"
Casuarina Street Pre School,(08) 897 33800,,"Casuarina St, Katherine East, NT",", , , "
Centralian Senior College,(08) 895 85000,admin.centraliansc@education.nt.gov.au,"10 Grevillea Drive, Alice Springs, 0870, NT","PO Box 4856, ALICE SPRINGS, 0871, NT"
Canteen Creek School,(08) 8964 1505,admin.cantesch@education.nt.gov.au,"N/a, Canteen Creek, NT","PMB 105, via Alice Springs, 0872, NT"
Casuarina Senior College,(08) 898 37300,csc.admin@education.nt.gov.au,"61 Parer Dr, Moil, 0810, NT","PO Box  40196, CASUARINA, 0811, NT"
Bulla Camp School,(08) 9167 8957,jenine.williams@education.nt.gov.au,"N/A, Bulla, NT","PMB 89, Katherine, 0851, NT"
Callistemon House,(08) 8972 3212,admin.callistemon@education.nt.gov.au,"80 Callistemon Dr, Katherine East, 0850, NT","PO Box 1971, Katherine East, 0851, NT"
Bradshaw Primary School,(08) 895 52100,bradshaw.school@education.nt.gov.au,"23 Adamson Ave, Alice Springs, 0870, NT","PO Box 1744, ALICE SPRINGS, 0871, NT"
Bulman School,(08) 8975 4707,irene.singleton@education.nt.gov.au,"N/A, Bulman, NT","PMB 13, Katherine, 0851, NT"
Braitling Pre School,(08) 8985 8511,,"80 Head St, Alice Springs, NT",", , , "
Bradshaw Pre School,(08) 895 52100,,"23 Adamson Ave, Alice Springs, NT",", , , "
Braitling Primary School,(08) 895 85111,admin.braitsch@education.nt.gov.au,"80 Head St, Alice Springs, 0870, NT","PO Box  1669, ALICE SPRINGS, 0871, NT"
Borroloola School,(08) 896 51800,admin.borrosch@education.nt.gov.au,"321 Robinson Rd, Borroloola, 0854, NT","PMB 5, Borroloola, 0854, NT"
Berry Springs Pre School,(08) 8988 6006,,"1150 Cox Peninsula Rd, Berry Springs, NT",", , , "
Borroloola Pre School,(08) 89 758780,,"321 Robinson Road, Borroloola, NT",", , , "
Batchelor Pre School,(08) 8976 0077,,"71 Kirra Cres, Batchelor, NT",", , , "
Bees Creek Primary School,(08) 8983 3222,bees.creek@education.nt.gov.au,"20 Sattler Cres, Freds Pass, NT","PO Box 1500, Coolalinga, 0839, NT"
Bees Creek Pre School,(08) 8983 3222,,"20 Sattler Cres, Freds Pass, NT",", , , "
Belyuen School,(08) 8978 5085,natasha.koroi@education.nt.gov.au,"N/A, Belyuen, NT","PMB 2, GPO Darwin, 0801, NT"
Bonya School,(08) 8956 6352,billie.coupland@education.nt.gov.au,"Community ID 26, Orrtipa-Thurra (Bonya), NT","PMB 69, via Alice Springs, 0872, NT"
Berry Springs Primary School,(08) 8988 6006,berrysprings.primary@education.nt.gov.au,"1150 Cox Peninsula Rd, Berry Springs, 0838, NT","PO Box 135, Berry Springs, 0838, NT"
Bakewell Pre School,(08) 899 77400,,"5 Hutchison Tce, Bakewell, 0832, NT","tba, tba, 0832, "
Australian International Islamic College,(03) 33721400,nt.admin@aiic.nt.edu.au,"25 Bowerlee Road, Berrimah NT 0828, NT","25 Bowerlee Road, Berrimah, 0828, NT"
Areyonga School,(08) 8956 7303,areyonga.school@education.nt.gov.au,"wsw of Hermannsburg, 224km from Alice Springs, Areyonga, NT","Areyonga, via Alice Springs, 0872, NT"
Arlparra School,(08) 8956 9178,john.matthews@education.nt.gov.au,", Arlparra Community, Utopia, NT","PMB 18, via ALICE SPRINGS, 0872, NT"
Baniyala Garrangali School,(08) 8987 9114,jane.munro@education.nt.gov.au,"Yilpara Community, Yirrkala, 0880, NT","PO Box 1496, NHULUNBUY, 0881, NT"
Barunga School,(08) 8975 4502,office.barunga@education.nt.gov.au,"N/A, Barunga  (Bamyili), NT","PMB 117, via Katherine, 0851, NT"
Bakewell Primary School,(08) 899 77400,admin.bakewell@education.nt.gov.au,"1 Forrest Parade, Bakewell, 0832, NT","PO Box 1300, PALMERSTON, 0831, NT"
Batchelor Area School,(08) 8976 0077,batchelor.as@education.nt.gov.au,"71 Kirra Cres, Batchelor, 0845, NT","c/-, Batchelor Post Office, 0845, NT"
Alawa Pre School,(08) 899 77666,,"27 Pett St, Alawa, NT",", , , "
Araluen Christian School,(08) 8955 3300,admin.acc@ntschools.net,"10 Blain St, Alice Springs, NT","10 Blain Street, Alice Springs, 0870, NT"
Anula Primary School,(08) 899 77500,anula.admin@education.nt.gov.au,"73 Yanyula Dr, Anula, 0812, NT","Yanyula Drive, ANULA, 0812, NT"
Adelaide River School,(08) 8976 7034,adelaideriver.ps@education.nt.gov.au,"31 Memorial Tce, Adelaide River, 0846, NT","C/- Post Office, Adelaide River, 0846, NT"
Acacia Hill School,(08) 895 52222,acaciahill.school@education.nt.gov.au,"80 Spearwood Rd, Alice Springs, 0870, NT","PO Box 435, ALICE SPRINGS, 0871, NT"
